,Names,Gender
0,Αγάθη,Female
1,Αγαθή,Female
2,Αγαθονίκη,Female
3,Αγαύη,Female
4,Αγγέλα,Female
5,Αγγέλικα,Female
6,Αγγελίκα,Female
7,Αγγελική,Female
8,Αγγελίνα,Female
9,Αγγέλω,Female
10,Αγιούλα,Female
11,Αγλαΐα,Female
12,Αγνή,Female
13,Αγνοδίκη,Female
14,Αγορίτσα,Female
15,Αγόρω,Female
16,Αγριππίνα,Female
17,Αδαμαντία,Female
18,Αδρήστη,Female
19,Αδριανή,Female
20,Αθανασία,Female
21,Αθηνά,Female
22,Αθηναΐς,Female
23,Αίγλη,Female
24,Αίθρα,Female
25,Αικατερίνη,Female
26,Αιμιλία,Female
27,Ακαθή,Female
28,Ακριβή,Female
29,Αλέκα,Female
30,Αλεξάνδρα,Female
31,Αλέξια,Female
32,Αλεξία,Female
33,Αλίκη,Female
34,Αλίνα,Female
35,Άλκηστις,Female
36,Αλκινόη,Female
37,Αλκμήνη,Female
38,Αλκυόνη,Female
39,Αμαλία,Female
40,Αμάντα,Female
41,Αμαρυλλίς,Female
42,Αμυγδαλιά,Female
43,Αμφιτρίτη,Female
44,Αναΐς,Female
45,Ανάργυρη,Female
46,Αναστασία,Female
47,Ανδριάνα,Female
48,Ανδριανή,Female
49,Ανδρομάχη,Female
50,Ανδρονίκη,Female
51,Ανθή,Female
52,Ανθήκλεια,Female
53,Ανθημίτσα,Female
54,Ανθία,Female
55,Ανθούλα,Female
56,Ανθούσα,Female
57,Άννα,Female
58,Ανναμπέλλα,Female
59,Αννέτα,Female
60,Αννίτα,Female
61,Αννιώ,Female
62,Αννούλα,Female
63,Άννυ,Female
64,Άντα,Female
65,Άντζελα,Female
66,Αντιγόνη,Female
67,Αντιμάχη,Female
68,Αντιόπη,Female
69,Άντρια,Female
70,Αντριάνα,Female
71,Αντρούλα,Female
72,Αντωνία,Female
73,Ανυσία,Female
74,Απολλωνία,Female
75,Αποστολία,Female
76,Αργέντω,Female
77,Αργυρή,Female
78,Αργυρία,Female
79,Αργυρούλα,Female
80,Αργύρω,Female
81,Αργυρώ,Female
82,Αρετή,Female
83,Αρετούσα,Female
84,Αριάδνη,Female
85,Αριάνα,Female
86,Αριστέα,Female
87,Αρίστη,Female
88,Αριστονίκη,Female
89,Αριστούλα,Female
90,Αρκαδία,Female
91,Αρμονία,Female
92,Αρριανή,Female
93,Αρριέτα,Female
94,Αρσενία,Female
95,Αρσινόη,Female
96,Άρτεμη,Female
97,Άρτεμις,Female
98,Αρτεμισία,Female
99,Αρχοντία,Female
100,Αρχοντούλα,Female
101,Αρχόντω,Female
102,Ασημένια,Female
103,Ασημίνα,Female
104,Ασημούλα,Female
105,Ασήμω,Female
106,Ασημώνη,Female
107,Ασπασία,Female
108,Αστερόπη,Female
109,Αστέρω,Female
110,Αστρούλα,Female
111,Αταλάντη,Female
112,Ατζουλέτα,Female
113,Ατθίς,Female
114,Αυγή,Female
115,Αυγούλα,Female
116,Αυγούστα,Female
117,Αυγουστία,Female
118,Αυγουστίνη,Female
119,Αυξεντία,Female
120,Αύρα,Female
121,Αυρηλία,Female
122,Αφεντία,Female
123,Αφεντούλα,Female
124,Αφθονία,Female
125,Αφροδίτη,Female
126,Αφροξυλάνθη,Female
127,Βαγγελίτσα,Female
128,Βαγγελιώ,Female
129,Βαγγέλω,Female
130,Βάγια,Female
131,Βάια,Female
132,Βαΐα,Female
133,Βαΐτσα,Female
134,Βαλάντω,Female
135,Βαλασία,Female
136,Βαλεντίνα,Female
137,Βαλεντίνη,Female
138,Βαλέρια,Female
139,Βάλια,Female
140,Βανέσσα,Female
141,Βαρβάρα,Female
142,Βαρβαρούλα,Female
143,Βαρσαμία,Female
144,Βάσια,Female
145,Βασιλεία,Female
146,Βασιλειάννα,Female
147,Βασιλένα,Female
148,Βασιλική,Female
149,Βασιλικούλα,Female
150,Βασιλού,Female
151,Βασίλω,Female
152,Βασούλα,Female
153,Βάσω,Female
154,Βελισσαρία,Female
155,Βενεδίκτη,Female
156,Βενεδικτίνη,Female
157,Βενετία,Female
158,Βενίτα,Female
159,Βέρα,Female
160,Βερενίκη,Female
161,Βερόνικα,Female
162,Βερονίκη,Female
163,Βερούλα,Female
164,Βέφα,Female
165,Βηθλεέμ,Female
166,Βησσαρία,Female
167,Βιβή,Female
168,Βίβιαν,Female
169,Βιβιάνα,Female
170,Βιβιανή,Female
171,Βικεντία,Female
172,Βίκη,Female
173,Βικτωρία,Female
174,Βίκυ,Female
175,Βιολέτα,Female
176,Βιργινία,Female
177,Βλασία,Female
178,Βούλα,Female
179,Βοῶπις,Female
180,Βρουτία,Female
181,Γαβριέλα,Female
182,Γαία,Female
183,Γαϊανή,Female
184,Γαλακτία,Female
185,Γαλάτεια,Female
186,Γαλήνη,Female
187,Γαρουφαλλιά,Female
188,Γαρυφαλλιά,Female
189,Γενεβιέβη,Female
190,Γενοβέφα,Female
191,Γερακίνα,Female
192,Γερασιμούλα,Female
193,Γεροντίνη,Female
194,Γεσθημανή,Female
195,Γεωργία,Female
196,Γεωργούλα,Female
197,Γιάννα,Female
198,Γιάννεσα,Female
199,Γιαννέσα,Female
200,Γιαννιώ,Female
201,Γιαννούλα,Female
202,Γιασεμή,Female
203,Γιοβάννα,Female
204,Γιολάντα,Female
205,Γιούλα,Female
206,Γιούλη,Female
207,Γιωργία,Female
208,Γιώτα,Female
209,Γκόλφω,Female
210,Γλαύκη,Female
211,Γλυκερία,Female
212,Γραμματίνα,Female
213,Γρηγορία,Female
214,Γωγούλα,Female
215,Γωγώ,Female
216,Δαμασκηνή,Female
217,Δαμιανή,Female
218,Δαμοφίλη,Female
219,Δανάη,Female
220,Δαρεία,Female
221,Δάφνη,Female
222,Δάφνις,Female
223,Δεβόρα,Female
224,Δεδουσία,Female
225,Δέσποινα,Female
226,Δεσποινιώ,Female
227,Δεσποινούλα,Female
228,Δεσπούλα,Female
229,Δέσπω,Female
230,Δηιδάμεια,Female
231,Δήμητρα,Female
232,Δημητρούλα,Female
233,Δημούλλα,Female
234,Δημοφίλη,Female
235,Διαλεχτή,Female
236,Διαμαντίνα,Female
237,Διαμάντω,Female
238,Διηάνειρα,Female
239,Διηδάμεια,Female
240,Δικαία,Female
241,Διονυσία,Female
242,Διονυσούλα,Female
243,Διοτίμα,Female
244,Διώνη,Female
245,Διωξίππη,Female
246,Δομινίκη,Female
247,Δομιτίλλα,Female
248,Δόμνα,Female
249,Δονάτα,Female
250,Δόξα,Female
251,Δούκισσα,Female
252,Δροσιά,Female
253,Δροσούλα,Female
254,Δρόσω,Female
255,Δρυόπη,Female
256,Δρυπέτη,Female
257,Δωδώνη,Female
258,Δώρα,Female
259,Δωροθέα,Female
260,Δωρούλα,Female
261,Έβελιν,Female
262,Εβελίνα,Female
263,Εβίτα,Female
264,Ειρήνη,Female
265,Εκάβη,Female
266,Εκάλη,Female
267,Εκάτη,Female
268,Ελβίρα,Female
269,Ελεάνα,Female
270,Ελεάννα,Female
271,Ελεημονήτρια,Female
272,Έλενα,Female
273,Ελένη,Female
274,Ελενίτσα,Female
275,Ελενιώ,Female
276,Ελεονώρα,Female
277,Ελευθερία,Female
278,Ελίζα,Female
279,Ελισάβετ,Female
280,Ελισώ,Female
281,Έλλη,Female
282,Ελληνόπη,Female
283,Ελπίδα,Female
284,Ελπινίκη,Female
285,Έμιλυ,Female
286,Έμμα,Female
287,Εμμανουέλα,Female
288,Έμυ,Female
289,Ερασμία,Female
290,Ερατώ,Female
291,Έριδα,Female
292,Εριέττα,Female
293,Εριφύλη,Female
294,Ερμιόνη,Female
295,Ερμύλλη,Female
296,Ερριέτα,Female
297,Έρση,Female
298,Ερωφίλη,Female
299,Εσθήρ,Female
300,Εσμεράλδα,Female
301,Εσπερία,Female
302,Εστία,Female
303,Εύα,Female
304,Ευαγγελή,Female
305,Ευανθία,Female
306,Ευγενία,Female
307,Ευγενίτσα,Female
308,Ευγενούλα,Female
309,Ευγνωσία,Female
310,Ευδοκία,Female
311,Ευδοκίτσα,Female
312,Ευδοκούλα,Female
313,Ευδοξία,Female
314,Ευδοξούλα,Female
315,Ευδώρα,Female
316,Ευελίνα,Female
317,Εύη,Female
318,Ευθαλία,Female
319,Ευθαλίτσα,Female
320,Ευθαλιώ,Female
321,Ευθυμία,Female
322,Ευθυμούλα,Female
323,Ευλαλία,Female
324,Ευλαμπία,Female
325,Ευλάμπω,Female
326,Ευλογία,Female
327,Ευμενία,Female
328,Ευμορφία,Female
329,Ευνίκη,Female
330,Ευπραξία,Female
331,Ευπρεπία,Female
332,Ευριλία,Female
333,Ευρυδίκη,Female
334,Ευρύκλεια,Female
335,Ευρυνόμη,Female
336,Ευρυπία,Female
337,Ευσεβεία,Female
338,Ευσεβία,Female
339,Ευσεβούλα,Female
340,Ευσταθία,Female
341,Ευσταθούλα,Female
342,Ευστρατία,Female
343,Ευστρατούλα,Female
344,Ευτέρπη,Female
345,Ευτυχία,Female
346,Ευτυχίτσα,Female
347,Ευτυχούλα,Female
348,Ευφημία,Female
349,Ευφραιμία,Female
350,Ευφροσύνη,Female
351,Ευψυχία,Female
352,Έφη,Female
353,Ζαΐρα,Female
354,Ζαμπέτα,Female
355,Ζαμπία,Female
356,Ζαννέτα,Female
357,Ζαφειρία,Female
358,Ζαφείρω,Female
359,Ζαχαρένια,Female
360,Ζαχαρίτσα,Female
361,Ζαχαρούλα,Female
362,Ζαχάρω,Female
363,Ζήνα,Female
364,Ζηνοβία,Female
365,Ζησούλα,Female
366,Ζουμπουλία,Female
367,Ζωγραφιά,Female
368,Ζωζώ,Female
369,Ζωή,Female
370,Ζωίτσα,Female
371,Ήβη,Female
372,Ηδύλη,Female
373,Ηλεάνα,Female
374,Ηλέκτρα,Female
375,Ηλιάδα,Female
376,Ηλιάνα,Female
377,Ηλιοστάλακτη,Female
378,Ηλιόχαρη,Female
379,Ήρα,Female
380,Ηρακλίτσα,Female
381,Ηρώ,Female
382,Ηρωδιάδα,Female
383,Ησιόνη,Female
384,Ηώ,Female
385,Θάλεια,Female
386,Θανασία,Female
387,Θεανώ,Female
388,Θεή,Female
389,Θέκλα,Female
390,Θέλμα,Female
391,Θελξιώπη,Female
392,Θέμις,Female
393,Θεοδοσία,Female
394,Θεοδότη,Female
395,Θεοδούλα,Female
396,Θεοδούλη,Female
397,Θεοδώρα,Female
398,Θεολογία,Female
399,Θεονίκη,Female
400,Γιαννιώ,Female
401,Γιαννούλα,Female
402,Γιασεμή,Female
403,Γιοβάννα,Female
404,Γιολάντα,Female
405,Γιούλα,Female
406,Γιούλη,Female
407,Γιωργία,Female
408,Γιώτα,Female
409,Γκόλφω,Female
410,Γλαύκη,Female
411,Γλυκερία,Female
412,Γραμματίνα,Female
413,Γρηγορία,Female
414,Γωγούλα,Female
415,Γωγώ,Female
416,Δαμασκηνή,Female
417,Δαμιανή,Female
418,Δαμοφίλη,Female
419,Δανάη,Female
420,Δαρεία,Female
421,Δάφνη,Female
422,Δάφνις,Female
423,Δεβόρα,Female
424,Δεδουσία,Female
425,Δέσποινα,Female
426,Δεσποινιώ,Female
427,Δεσποινούλα,Female
428,Δεσπούλα,Female
429,Δέσπω,Female
430,Δηιδάμεια,Female
431,Δήμητρα,Female
432,Δημητρούλα,Female
433,Δημούλλα,Female
434,Δημοφίλη,Female
435,Διαλεχτή,Female
436,Διαμαντίνα,Female
437,Διαμάντω,Female
438,Διηάνειρα,Female
439,Διηδάμεια,Female
440,Δικαία,Female
441,Διονυσία,Female
442,Διονυσούλα,Female
443,Διοτίμα,Female
444,Διώνη,Female
445,Διωξίππη,Female
446,Δομινίκη,Female
447,Δομιτίλλα,Female
448,Δόμνα,Female
449,Δονάτα,Female
450,Δόξα,Female
451,Δούκισσα,Female
452,Δροσιά,Female
453,Δροσούλα,Female
454,Δρόσω,Female
455,Δρυόπη,Female
456,Δρυπέτη,Female
457,Δωδώνη,Female
458,Δώρα,Female
459,Δωροθέα,Female
460,Δωρούλα,Female
461,Έβελιν,Female
462,Εβελίνα,Female
463,Εβίτα,Female
464,Ειρήνη,Female
465,Εκάβη,Female
466,Εκάλη,Female
467,Εκάτη,Female
468,Ελβίρα,Female
469,Ελεάνα,Female
470,Ελεάννα,Female
471,Ελεημονήτρια,Female
472,Έλενα,Female
473,Ελένη,Female
474,Ελενίτσα,Female
475,Ελενιώ,Female
476,Ελεονώρα,Female
477,Ελευθερία,Female
478,Ελίζα,Female
479,Ελισάβετ,Female
480,Ελισώ,Female
481,Έλλη,Female
482,Ελληνόπη,Female
483,Ελπίδα,Female
484,Ελπινίκη,Female
485,Έμιλυ,Female
486,Έμμα,Female
487,Εμμανουέλα,Female
488,Έμυ,Female
489,Ερασμία,Female
490,Ερατώ,Female
491,Έριδα,Female
492,Εριέττα,Female
493,Εριφύλη,Female
494,Ερμιόνη,Female
495,Ερμύλλη,Female
496,Ερριέτα,Female
497,Έρση,Female
498,Ερωφίλη,Female
499,Εσθήρ,Female
500,Εσμεράλδα,Female
501,Εσπερία,Female
502,Εστία,Female
503,Εύα,Female
504,Ευαγγελή,Female
505,Ευανθία,Female
506,Ευγενία,Female
507,Ευγενίτσα,Female
508,Ευγενούλα,Female
509,Ευγνωσία,Female
510,Ευδοκία,Female
511,Ευδοκίτσα,Female
512,Ευδοκούλα,Female
513,Ευδοξία,Female
514,Ευδοξούλα,Female
515,Ευδώρα,Female
516,Ευελίνα,Female
517,Εύη,Female
518,Ευθαλία,Female
519,Ευθαλίτσα,Female
520,Ευθαλιώ,Female
521,Ευθυμία,Female
522,Ευθυμούλα,Female
523,Ευλαλία,Female
524,Ευλαμπία,Female
525,Ευλάμπω,Female
526,Ευλογία,Female
527,Ευμενία,Female
528,Ευμορφία,Female
529,Ευνίκη,Female
530,Ευπραξία,Female
531,Ευπρεπία,Female
532,Ευριλία,Female
533,Ευρυδίκη,Female
534,Ευρύκλεια,Female
535,Ευρυνόμη,Female
536,Ευρυπία,Female
537,Ευσεβεία,Female
538,Ευσεβία,Female
539,Ευσεβούλα,Female
540,Ευσταθία,Female
541,Ευσταθούλα,Female
542,Ευστρατία,Female
543,Ευστρατούλα,Female
544,Ευτέρπη,Female
545,Ευτυχία,Female
546,Ευτυχίτσα,Female
547,Ευτυχούλα,Female
548,Ευφημία,Female
549,Ευφραιμία,Female
550,Ευφροσύνη,Female
551,Ευψυχία,Female
552,Έφη,Female
553,Ζαΐρα,Female
554,Ζαμπέτα,Female
555,Ζαμπία,Female
556,Ζαννέτα,Female
557,Ζαφειρία,Female
558,Ζαφείρω,Female
559,Ζαχαρένια,Female
560,Ζαχαρίτσα,Female
561,Ζαχαρούλα,Female
562,Ζαχάρω,Female
563,Ζήνα,Female
564,Ζηνοβία,Female
565,Ζησούλα,Female
566,Ζουμπουλία,Female
567,Ζωγραφιά,Female
568,Ζωζώ,Female
569,Ζωή,Female
570,Ζωίτσα,Female
571,Ήβη,Female
572,Ηδύλη,Female
573,Ηλεάνα,Female
574,Ηλέκτρα,Female
575,Ηλιάδα,Female
576,Ηλιάνα,Female
577,Ηλιοστάλακτη,Female
578,Ηλιόχαρη,Female
579,Ήρα,Female
580,Ηρακλίτσα,Female
581,Ηρώ,Female
582,Ηρωδιάδα,Female
583,Ησιόνη,Female
584,Ηώ,Female
585,Θάλεια,Female
586,Θανασία,Female
587,Θεανώ,Female
588,Θεή,Female
589,Θέκλα,Female
590,Θέλμα,Female
591,Θελξιώπη,Female
592,Θέμις,Female
593,Θεοδοσία,Female
594,Θεοδότη,Female
595,Θεοδούλα,Female
596,Θεοδούλη,Female
597,Θεοδώρα,Female
598,Θεολογία,Female
599,Θεονίκη,Female
600,Μαρκιανή,Female
601,Μαρούλα,Female
602,Μαρουλίτσα,Female
603,Μαρουλιώ,Female
604,Μαρούσα,Female
605,Μαρουσώ,Female
606,Μάρω,Female
607,Μάτα,Female
608,Ματθίλδη,Female
609,Ματίλντα,Female
610,Ματίνα,Female
611,Ματούλα,Female
612,Ματρώνα,Female
613,Μαύρα,Female
614,Μαυρέτα,Female
615,Μάχη,Female
616,Μελάνη,Female
617,Μελανή,Female
618,Μελανία,Female
619,Μελένια,Female
620,Μελετία,Female
621,Μελίνα,Female
622,Μελίτα,Female
623,Μελπομένη,Female
624,Μέλπω,Female
625,Μέμα,Female
626,Μένια,Female
627,Μερκουρία,Female
628,Μερόπη,Female
629,Μερσίνη,Female
630,Μεταξία,Female
631,Μεταξούλα,Female
632,Μηλένια,Female
633,Μηλίτσα,Female
634,Μήτση,Female
635,Μία,Female
636,Μίκα,Female
637,Μιλένα,Female
638,Μίμα,Female
639,Μιμή,Female
640,Μιμίκα,Female
641,Μίνα,Female
642,Μιράντα,Female
643,Μιρέλλα,Female
644,Μίρκα,Female
645,Μισέλ,Female
646,Μίτση,Female
647,Μιχαέλα,Female
648,Μιχαήλα,Female
649,Μιχαλία,Female
650,Μιχαλίτσα,Female
651,Μόνα,Female
652,Μόνικα,Female
653,Μορφούλα,Female
654,Μοσχάνθη,Female
655,Μοσχούλα,Female
656,Μόσχω,Female
657,Μπεάτα,Female
658,Μπεμπέκα,Female
659,Μπετζέχρω,Female
660,Μπέτυ,Female
661,Μπία,Female
662,Μυριάνθη,Female
663,Μυρσίνη,Female
664,Μυρτιά,Female
665,Μυρτώ,Female
666,Νάγια,Female
667,Νάντια,Female
668,Νάσια,Female
669,Νάτα,Female
670,Νάταλι,Female
671,Ναταλία,Female
672,Νατάσα,Female
673,Ναυσικά,Female
674,Νεκταρία,Female
675,Νεοφύτα,Female
676,Νεστορία,Female
677,Νεφέλη,Female
678,Νίκη,Female
679,Νικηφορία,Female
680,Νικολέτα,Female
681,Νικολέττα,Female
682,Νικολία,Female
683,Νικολίνα,Female
684,Νικολίτσα,Female
685,Νίνα,Female
686,Νινέτα,Female
687,Νινή,Female
688,Νιόβη,Female
689,Νίτσα,Female
690,Νομική,Female
691,Νταίζη,Female
692,Ντάλια,Female
693,Ντάνα,Female
694,Ντέμη,Female
695,Ντιάνα,Female
696,Ντίνα,Female
697,Ντίτα,Female
698,Ντόρα,Female
699,Νυμφoδώρα,Female
700,Ξανθή,Female
701,Ξανθίππη,Female
702,Ξανθούλα,Female
703,Ξένη,Female
704,Ξένια,Female
705,Ξενία,Female
706,Οδέττη,Female
707,Όλγα,Female
708,Ολγάκι,Female
709,Ολυμπία,Female
710,Ολυμπιοδώρα,Female
711,Ορσαλία,Female
712,Ορτανσία,Female
713,Ούρσουλα,Female
714,Οφηλία,Female
715,Παγώνα,Female
716,Παναγιώτα,Female
717,Παναγιωτούλα,Female
718,Παναγούλα,Female
719,Παναΐλα,Female
720,Πανδώρα,Female
721,Παντούλα,Female
722,Πανωραία,Female
723,Παρασκευή,Female
724,Παρασκευούλα,Female
725,Παρθένα,Female
726,Παρθενία,Female
727,Παρθενόπη,Female
728,Πασχαλία,Female
729,Πασχαλιά,Female
730,Πασχαλίνα,Female
731,Πάτρα,Female
732,Πατρικία,Female
733,Παυλίνα,Female
734,Πελαγία,Female
735,Πελαγίτσα,Female
736,Πενθεσιλεία,Female
737,Πέπη,Female
738,Περιστέρα,Female
739,Περσεφόνη,Female
740,Πέτρα,Female
741,Πετρούλα,Female
742,Πηγή,Female
743,Πηγίτσα,Female
744,Πηγούλα,Female
745,Πηνελόπη,Female
746,Πηνελοπίτσα,Female
747,Πιπίνα,Female
748,Πιπίτσα,Female
749,Πίστη,Female
750,Πίτσα,Female
751,Πλούμπω,Female
752,Ποθητή,Female
753,Πόλα,Female
754,Πόλη,Female
755,Πόλυ,Female
756,Πολύμνια,Female
757,Πολυνίκη,Female
758,Πολυξένη,Female
759,Πολυτίμη,Female
760,Πολυχρονία,Female
761,Πόπη,Female
762,Ποπίτσα,Female
763,Πορφυρή,Female
764,Πορφυρία,Female
765,Πουλουδιά,Female
766,Πουλχερία,Female
767,Πουλχερίτσα,Female
768,Πραξιθέα,Female
769,Πρίσκιλλα,Female
770,Προκοπία,Female
771,Προκοπίτσα,Female
772,Πτολεμαία,Female
773,Πωλίνα,Female
774,Ραλλία,Female
775,Ραλλού,Female
776,Ράνια,Female
777,Ραφαέλα,Female
778,Ραφαηλία,Female
779,Ραχήλ,Female
780,Ρέα,Female
781,Ρεβέκκα,Female
782,Ρεγγίνα,Female
783,Ρένα,Female
784,Ρήνη,Female
785,Ρηνιώ,Female
786,Ρηνούλα,Female
787,Ρία,Female
788,Ρίτα,Female
789,Ρίτσα,Female
790,Ροδάνθη,Female
791,Ροδή,Female
792,Ροδιά,Female
793,Ροδόπη,Female
794,Ροδούλα,Female
795,Ρόζα,Female
796,Ροζαλία,Female
797,Ροζίτα,Female
798,Ρόζυ,Female
799,Ρούλα,Female
800,Ρουμπίνα,Female
801,Ρουμπίνη,Female
802,Ρωξάνη,Female
803,Σαββούλα,Female
804,Σαβίνα,Female
805,Σαλώμη,Female
806,Σαμαλτάνα,Female
807,Σαμάνθα,Female
808,Σαμπρίνα,Female
809,Σαπφώ,Female
810,Σάρα,Female
811,Σαραντούλα,Female
812,Σάσα,Female
813,Σεβαστή,Female
814,Σεβαστιανή,Female
815,Σέβη,Female
816,Σεμέλη,Female
817,Σεραφειμία,Female
818,Σεσίλ,Female
819,Σεσίλια,Female
820,Σημέλα,Female
821,Σία,Female
822,Σίλβα,Female
823,Σιλβάνα,Female
824,Σιλβανή,Female
825,Σιμέλα,Female
826,Σιμώνη,Female
827,Σίσσυ,Female
828,Σκιαδενή,Female
829,Σμαράγδα,Female
830,Σμαραγδένια,Female
831,Σμαραγδή,Female
832,Σμαραγδία,Female
833,Σμαράγδω,Female
834,Σμαρούλα,Female
835,Σμαρώ,Female
836,Σόνια,Female
837,Σότια,Female
838,Σου,Female
839,Σουζάνα,Female
840,Σούζυ,Female
841,Σούλα,Female
842,Σούλη,Female
843,Σουλίτσα,Female
844,Σουλτάνα,Female
845,Σουράνα,Female
846,Σόφη,Female
847,Σοφία,Female
848,Σοφιάννα,Female
849,Σοφίτσα,Female
850,Σοφούλα,Female
851,Σπυριδούλα,Female
852,Σταμάτα,Female
853,Σταματέλλα,Female
854,Σταματία,Female
855,Σταματίνα,Female
856,Στάσα,Female
857,Στασινή,Female
858,Στασούλα,Female
859,Σταυριανή,Female
860,Σταυρούλα,Female
861,Στέλα,Female
862,Στέλλα,Female
863,Στελλίτσα,Female
864,Στεργιανή,Female
865,Στεφανία,Female
866,Στέφη,Female
867,Στρατονίκη,Female
868,Στυλιανή,Female
869,Σύλβα,Female
870,Σύλβια,Female
871,Συμέλα,Female
872,Σωζάνα,Female
873,Σωτηρία,Female
874,Σωφρονία,Female
875,Ταβιθά,Female
876,Ταμάρα,Female
877,Τάνια,Female
878,Ταρσία,Female
879,Τασία,Female
880,Τατιάνα,Female
881,Τατιανή,Female
882,Ταϋγέτη,Female
883,Τέρψη,Female
884,Τερψιθέα,Female
885,Τερψιχόρη,Female
886,Τέτα,Female
887,Τέτη,Female
888,Τζανετίνα,Female
889,Τζένη,Female
890,Τζίνα,Female
891,Τζοάννα,Female
892,Τζοβάνα,Female
893,Τίτα,Female
894,Τίτη,Female
895,Τούλα,Female
896,Τριάδα,Female
897,Τριανταφυλλένια,Female
898,Τριαντάφυλλη,Female
899,Τριανταφυλλιά,Female
900,Τρισεύγενη,Female
901,Τρίσω,Female
902,Τρυγώνα,Female
903,Τσαμπίκα,Female
904,Τσιτσέκα,Female
905,Τώνια,Female
906,Υακίνθη,Female
907,Υβόννη,Female
908,Υπαπαντή,Female
909,Υπατία,Female
910,Υπομονή,Female
911,Φαίδρα,Female
912,Φαίη,Female
913,Φαιναρέτη,Female
914,Φανή,Female
915,Φανίτσα,Female
916,Φανούλα,Female
917,Φανουρία,Female
918,Φεβρωνία,Female
919,Φένια,Female
920,Φερενίκη,Female
921,Φερφούθη,Female
922,Φηλίκουλα,Female
923,Φιλαρέτη,Female
924,Φιλίππα,Female
925,Φιλιππία,Female
926,Φιλίτσα,Female
927,Φιλιώ,Female
928,Φιλοθέα,Female
929,Φιλοθέη,Female
930,Φιλομένα,Female
931,Φιλομήλα,Female
932,Φλανδρώ,Female
933,Φλώρα,Female
934,Φλωρεντία,Female
935,Φλωρέτα,Female
936,Φοίβη,Female
937,Φούλα,Female
938,Φράγκα,Female
939,Φραγκίσκα,Female
940,Φραγκίσκη,Female
941,Φραντζέσκα,Female
942,Φρατζέσκα,Female
943,Φρειδερίκη,Female
944,Φροσύνη,Female
945,Φρόσω,Female
946,Φρύνη,Female
947,Φωτεινή,Female
948,Φωτούλα,Female
949,Φώτω,Female
950,Φώφη,Female
951,Φωφώ,Female
952,Χάιδω,Female
953,Χαρά,Female
954,Χαραλαμπία,Female
955,Χαρίκλεια,Female
956,Χάρις,Female
957,Χαριτίνη,Female
958,Χαρούλα,Female
959,Χιονία,Female
960,Χλόη,Female
961,Χρίστα,Female
962,Χριστιάνα,Female
963,Χριστίνα,Female
964,Χριστοφίλη,Female
965,Χριστοφόρα,Female
966,Χρύσα,Female
967,Χρυσάνθη,Female
968,Χρυσαυγή,Female
969,Χρυσαφένια,Female
970,Χρυσή,Female
971,Χρυσηίς,Female
972,Χρυσοβαλάντω,Female
973,Χρυσοπηγή,Female
974,Χρυσούλα,Female
975,Χρυσούλη,Female
976,Χρύσπα,Female
977,Χρυστάλλα,Female
978,Χρύσω,Female
979,Ωκυπέτη,Female
980,Ωραία,Female
981,Ωραιάνθη,Female
982,Ωραιοζήλη,Female
983,Ααρών,Male
984,Αβέρκιος,Male
985,Αβραάμ,Male
986,Αγαθάγγελος,Male
987,Αγαθοκλής,Male
988,Αγαθόνικος,Male
989,Αγαμέμνων,Male
990,Αγαπήνωρ,Male
991,Αγάπιος,Male
992,Αγγελάριος,Male
993,Άγγελος,Male
994,Αγήνωρ,Male
995,Αγησίλαος,Male
996,Άγις,Male
997,Αγοράκριτος,Male
998,Αγοραστός,Male
999,Αδάμ,Male
1000,Αδαμάντιος,Male
1001,Αδάμος,Male
1002,Άδμητος,Male
1003,Αδόλφος,Male
1004,Αδριανός,Male
1005,Άδωνις,Male
1006,Αετιδεύς,Male
1007,Αθανάσης,Male
1008,Αθανάσιος,Male
1009,Αθηναγόρας,Male
1010,Αθηνόδωρος,Male
1011,Αίας,Male
1012,Αιγεύς,Male
1013,Αίγισθος,Male
1014,Αίγλων,Male
1015,Αιδέσιος,Male
1016,Αιθέριος,Male
1017,Αιμιλιανός,Male
1018,Αιμίλιος,Male
1019,Αίμων,Male
1020,Αινείας,Male
1021,Αίολος,Male
1022,Αίσωπος,Male
1023,Ακάδημος,Male
1024,Ακάκιος,Male
1025,Ακίνδυνος,Male
1026,Ακόλουθος,Male
1027,Ακταίος,Male
1028,Ακύλας,Male
1029,Αλβέρτος,Male
1030,Αλέκος,Male
1031,Αλέξανδρος,Male
1032,Αλέξης,Male
1033,Αλέξιος,Male
1034,Αλκαίος,Male
1035,Αλκαμένης,Male
1036,Άλκης,Male
1037,Αλκιβιάδης,Male
1038,Αλκίνοος,Male
1039,Αλφρέδος,Male
1040,Αμβρόσιος,Male
1041,Αμύντας,Male
1042,Αμφιανός,Male
1043,Αμφικτύων,Male
1044,Αμφιλόχιος,Male
1045,Αμφιτρύων,Male
1046,Αναγνώστης,Male
1047,Ανακρέων,Male
1048,Ανανίας,Male
1049,Αναξαγόρας,Male
1050,Αναξήνωρ,Male
1051,Αναξίβιος,Male
1052,Αναξίλαος,Male
1053,Αναξίμανδρος,Male
1054,Αναξιμένης,Male
1055,Αναξίπολις,Male
1056,Ανάξιππος,Male
1057,Ανάργυρος,Male
1058,Αναστάσης,Male
1059,Αναστάσιος,Male
1060,Ανατόλιος,Male
1061,Ανδρέας,Male
1062,Ανδροκλής,Male
1063,Ανδρόνικος,Male
1064,Ανδρόφιλος,Male
1065,Ανέστης,Male
1066,Ανθέμιος,Male
1067,Άνθιμος,Male
1068,Αννίβας,Male
1069,Ανταίος,Male
1070,Αντίγονος,Male
1071,Αντίμαχος,Male
1072,Αντίνοος,Male
1073,Αντίπατρος,Male
1074,Αντρέας,Male
1075,Αντρίκος,Male
1076,Αντύπας,Male
1077,Αντωνάκης,Male
1078,Αντώνης,Male
1079,Αντώνιος,Male
1080,Ανύσιος,Male
1081,Αξιώτης,Male
1082,Ἀπελλαῖος,Male
1083,Απελλής,Male
1084,Απολλόδωρος,Male
1085,Απόλλων,Male
1086,Αποστόλης,Male
1087,Απόστολος,Male
1088,Αργύρης,Male
1089,Αργύριος,Male
1090,Άρης,Male
1091,Αρθούρος,Male
1092,Αρίσταρχος,Male
1093,Αριστέας,Male
1094,Αριστείδης,Male
1095,Αρίστιππος,Male
1096,Αριστίων,Male
1097,Αριστόβουλος,Male
1098,Αριστογείτων,Male
1099,Αριστογένης,Male
1100,Αριστόδημος,Male
1101,Αριστόδικος,Male
1102,Αριστόδουλος,Male
1103,Αριστοκλής,Male
1104,Αριστόμαχος,Male
1105,Αριστομένης,Male
1106,Αριστόνικος,Male
1107,Αριστόνους,Male
1108,Αρίστος,Male
1109,Αριστοτέλης,Male
1110,Αριστοφάνης,Male
1111,Αρίων,Male
1112,Αρκάδιος,Male
1113,Αρκτούρος,Male
1114,Αρμάνδος,Male
1115,Αρμόδιος,Male
1116,Αρριανός,Male
1117,Αρσένης,Male
1118,Αρσένιος,Male
1119,Αρτέμιος,Male
1120,Ἀρτεμίσιος,Male
1121,Αρχέλαος,Male
1122,Αρχίλοχος,Male
1123,Αρχιμήδης,Male
1124,Αρχοντής,Male
1125,Αρχοντίων,Male
1126,Ασημάκης,Male
1127,Ασκληπιός,Male
1128,Αστέρης,Male
1129,Αστέριος,Male
1130,Αστρινός,Male
1131,Αστυάναξ,Male
1132,Ατρέας,Male
1133,Άτταλος,Male
1134,Ατταλός,Male
1135,Αυγέρης,Male
1136,Αυγερινός,Male
1137,Αυγουστής,Male
1138,Αυγουστίνος,Male
1139,Αύδακτος,Male
1140,Αύδατος,Male
1141,Αυξέντιος,Male
1142,Αυξίβιος,Male
1143,Αυρήλιος,Male
1144,Αφεντούλης,Male
1145,Αχιλλέας,Male
1146,Αχίλλειος,Male
1147,Αχίλλιος,Male
1148,Βαβύλας,Male
1149,Βαγγελάκης,Male
1150,Βαγγέλης,Male
1151,Βάγγος,Male
1152,Βάδιμος,Male
1153,Βαϊθινός,Male
1154,Βάιος,Male
1155,Βάκης,Male
1156,Βάκις,Male
1157,Βάκχος,Male
1158,Βακχυλίδης,Male
1159,Βαλάντης,Male
1160,Βαλάντιος,Male
1161,Βαλεντίνος,Male
1162,Βαλεριανός,Male
1163,Βαλέριος,Male
1164,Βαλσάμης,Male
1165,Βαραβάς,Male
1166,Βαραδάτος,Male
1167,Βάρβαρος,Male
1168,Βαρδής,Male
1169,Βαρθολομαίος,Male
1170,Βαρλαάμ,Male
1171,Βαρνάβας,Male
1172,Βαρσανούφιος,Male
1173,Βαρσιμαίος,Male
1174,Βασιλάκης,Male
1175,Βασίλειος,Male
1176,Βασίλης,Male
1177,Βασιλικός,Male
1178,Βάσος,Male
1179,Βάσσος,Male
1180,Βάφης,Male
1181,Βελισάριος,Male
1182,Βελισσάριος,Male
1183,Βενέδικτος,Male
1184,Βενετσάνος,Male
1185,Βενιαμίν,Male
1186,Βενιζέλος,Male
1187,Βησσαρίων,Male
1188,Βίας,Male
1189,Βιβιανός,Male
1190,Βικέντιος,Male
1191,Βίκτορας,Male
1192,Βίκτωρ,Male
1193,Βίκτωρας,Male
1194,Βιτώριος,Male
1195,Βίων,Male
1196,Βλαδίμηρος,Male
1197,Βλάσης,Male
1198,Βλάσιος,Male
1199,Βλάσσιος,Male
1200,Βοιός,Male
1201,Βονιφάτιος,Male
1202,Βόρις,Male
1203,Βούλης,Male
1204,Βρασίδας,Male
1205,Βρισηίς,Male
1206,Βροντίνος,Male
1207,Βροτέας,Male
1208,Βρούτης,Male
1209,Βρούτιος,Male
1210,Βρύσων,Male
1211,Βύρων,Male
1212,Γαβριήλ,Male
1213,Γαβρίλος,Male
1214,Γαϊανός,Male
1215,Γάιος,Male
1216,Γαϊτάνος,Male
1217,Γαλακτίων,Male
1218,Γαληνός,Male
1219,Γανυμήδης,Male
1220,Γάσπαρης,Male
1221,Γεβράσιος,Male
1222,Γεδεών,Male
1223,Γείτων,Male
1224,Γεννάδιος,Male
1225,Γεράσιμος,Male
1226,Γερμανός,Male
1227,Γεωργάκης,Male
1228,Γεώργης,Male
1229,Γεώργιος,Male
1230,Γεωργογιάννης,Male
1231,Γηρυόνης,Male
1232,Γιάγκος,Male
1233,Γιαγκούλας,Male
1234,Γιάγκουρας,Male
1235,Γιακουμής,Male
1236,Γιαννάκης,Male
1237,Γιαννακός,Male
1238,Γιανναράς,Male
1239,Γιάνναρος,Male
1240,Γιάννης,Male
1241,Γιαννιός,Male
1242,Γιάννος,Male
1243,Γιαννουλάκος,Male
1244,Γιαννούλης,Male
1245,Γιαννούρης,Male
1246,Γιασεμής,Male
1247,Γιοβάν,Male
1248,Γιοβάννης,Male
1249,Γιούδας,Male
1250,Γιούρι,Male
1251,Γιωργάκης,Male
1252,Γιώργης,Male
1253,Γιώργος,Male
1254,Γιωργούλης,Male
1255,Γιώτης,Male
1256,Γκόγκος,Male
1257,Γκολφίνος,Male
1258,Γλαύκος,Male
1259,Γλυκέριος,Male
1260,Γλυμής,Male
1261,Γλυνός,Male
1262,Γνήσιππος,Male
1263,Γοράσδος,Male
1264,Γοργίας,Male
1265,Γόρης,Male
1266,Γουλιέλμος,Male
1267,Γρηγόρης,Male
1268,Γρηγόριος,Male
1269,Γύλιππος,Male
1270,Δαίδαλος,Male
1271,Δάκης,Male
1272,Δαλμάτιος,Male
1273,Δαμασκηνός,Male
1274,Δαμιανός,Male
1275,Δαμοκλής,Male
1276,Δάμος,Male
1277,Δαμοφών,Male
1278,Δάμων,Male
1279,Δαναός,Male
1280,Δανιήλ,Male
1281,Δάρδανος,Male
1282,Δαρείος,Male
1283,Δαυίδ,Male
1284,Δεδούσης,Male
1285,Δεινοκράτης,Male
1286,Δεινόστρατος,Male
1287,Δελφίων,Male
1288,Δεξίμαχος,Male
1289,Δέξιππος,Male
1290,Δευκαλίων,Male
1291,Δηίφοβος,Male
1292,Δήλιος,Male
1293,Δημάρατος,Male
1294,Δημήτρης,Male
1295,Δημήτριος,Male
1296,Δημητρός,Male
1297,Δημόδοκος,Male
1298,Δημοκίδης,Male
1299,Δημόκριτος,Male
1300,Δήμος,Male
1301,Δημοσθένης,Male
1302,Δημοφών,Male
1303,Δημοχάρης,Male
1304,Διαγόρας,Male
1305,Διαμαντής,Male
1306,Δικαίαρχος,Male
1307,Δικαίος,Male
1308,Διογένης,Male
1309,Διόδωρος,Male
1310,Διοκλής,Male
1311,Διόκλητος,Male
1312,Διομήδης,Male
1313,Διονύσης,Male
1314,Διονύσιος,Male
1315,Διόνυσος,Male
1316,Διοσκουρίδης,Male
1317,Διόσκουρος,Male
1318,Διόφαντος,Male
1319,Δίων,Male
1320,Δομένικος,Male
1321,Δονάτος,Male
1322,Δούκας,Male
1323,Δραγούμης,Male
1324,Δρακόντιος,Male
1325,Δράκος,Male
1326,Δρακούλης,Male
1327,Δρόσος,Male
1328,Δωρόθεος,Male
1329,Δώρος,Male
1330,Εβέλλιος,Male
1331,Εβρεμούνδιος,Male
1332,Εδουάρδος,Male
1333,Ειρηναίος,Male
1334,Ειρήναρχος,Male
1335,Εκαταίος,Male
1336,Έκτορας,Male
1337,Έκτωρ,Male
1338,Έλενος,Male
1339,Ελευθέρης,Male
1340,Ελευθέριος,Male
1341,Ελισσαίος,Male
1342,Ελλάδιος,Male
1343,Ελλάνικος,Male
1344,Ελπιδοφόρος,Male
1345,Εμμανουήλ,Male
1346,Εμπεδοκλής,Male
1347,Εξακουστός,Male
1348,Έξαρχος,Male
1349,Επαμεινώνδας,Male
1350,Έπαφος,Male
1351,Επίζηλος,Male
1352,Επίκουρος,Male
1353,Επίκτητος,Male
1354,Επιμενίδης,Male
1355,Επιφάνειος,Male
1356,Επιφάνιος,Male
1357,Επώνυμος,Male
1358,Έρασμος,Male
1359,Ερατοσθένης,Male
1360,Εργότιμος,Male
1361,Ερεχθεύς,Male
1362,Ερμαίος,Male
1363,Ερμείας,Male
1364,Ερμής,Male
1365,Ερμογένης,Male
1366,Ερμόδωρος,Male
1367,Ερμοκράτης,Male
1368,Ερμόλαος,Male
1369,Ερμύλλος,Male
1370,Ερρίκος,Male
1371,Ερύμανθος,Male
1372,Ερυξίμαχος,Male
1373,Έρως,Male
1374,Ερωτόκριτος,Male
1375,Έσπερος,Male
1376,Ετεοκλής,Male
1377,Ευάγγελος,Male
1378,Ευαγόρας,Male
1379,Ευάνθης,Male
1380,Ευγένης,Male
1381,Ευγένιος,Male
1382,Εύδημος,Male
1383,Ευδόκιμος,Male
1384,Ευδόξιος,Male
1385,Εύδοξος,Male
1386,Ευέλπιστος,Male
1387,Εύηνος,Male
1388,Ευθύδημος,Male
1389,Ευθυκλής,Male
1390,Ευθύμης,Male
1391,Ευθυμίδης,Male
1392,Ευθύμιος,Male
1393,Ευθύνους,Male
1394,Ευθύφρων,Male
1395,Ευκλεάς,Male
1396,Ευκλείδης,Male
1397,Ευκράτης,Male
1398,Ευλάλιος,Male
1399,Ευλάμπης,Male
1400,Ευλάμπιος,Male
1401,Ευλόγιος,Male
1402,Εύμαιος,Male
1403,Εύμαχος,Male
1404,Ευμένιος,Male
1405,Εύνομος,Male
1406,Ευπρέπιος,Male
1407,Ευρήλιος,Male
1408,Ευριπίδης,Male
1409,Ευρυβιάδης,Male
1410,Ευρυδάμας,Male
1411,Ευρύλοχος,Male
1412,Ευρύνομος,Male
1413,Ευρυσθεύς,Male
1414,Ευσέβιος,Male
1415,Ευστάθιος,Male
1416,Ευστράτης,Male
1417,Ευστράτιος,Male
1418,Ευτρόπιος,Male
1419,Ευτύχης,Male
1420,Ευτυχιανός,Male
1421,Ευτύχιος,Male
1422,Ευφραίμ,Male
1423,Ευφραίμης,Male
1424,Ευφράσιος,Male
1425,Ευφρόσυνος,Male
1426,Ευψύχιος,Male
1427,Εφραίμ,Male
1428,Ζάκης,Male
1429,Ζακχαίος,Male
1430,Ζακχιήλ,Male
1431,Ζαννέτος,Male
1432,Ζαννής,Male
1433,Ζαννίνο,Male
1434,Ζαρίφης,Male
1435,Ζαρλάθιος,Male
1436,Ζαφείρης,Male
1437,Ζαφείριος,Male
1438,Ζαχαρίας,Male
1439,Ζάχος,Male
1440,Ζεβεδαίος,Male
1441,Ζεύξιππος,Male
1442,Ζήκος,Male
1443,Ζηνόβιος,Male
1444,Ζηνόδοτος,Male
1445,Ζηνόδωρος,Male
1446,Ζήνων,Male
1447,Ζήσης,Male
1448,Ζήσιμος,Male
1449,Ζήσος,Male
1450,Ζοφιήλ,Male
1451,Ζώης,Male
1452,Ζωσιμάς,Male
1453,Ζωτικός,Male
1454,Ηγήμων,Male
1455,Ηγήσανδρος,Male
1456,Ηγησίας,Male
1457,Ηγήσιππος,Male
1458,Ἡγήσιππος,Male
1459,Ηγίας,Male
1460,Ηλιάκος,Male
1461,Ηλιάνης,Male
1462,Ηλίας,Male
1463,Ηλιόδωρος,Male
1464,Ηλιόφωτος,Male
1465,Ηράκλειτος,Male
1466,Ηρακλής,Male
1467,Ηριδανός,Male
1468,Ηρωδίας,Male
1469,Ηρωδίων,Male
1470,Ήρων,Male
1471,Ησαΐας,Male
1472,Ησύχιος,Male
1473,Ήφαιστος,Male
1474,Θαλάσσιος,Male
1475,Θαλής,Male
1476,Θαλλέλαιος,Male
1477,Θαλλής,Male
1478,Θανάσης,Male
1479,Θάνος,Male
1480,Θεαγένης,Male
1481,Θεμέλιος,Male
1482,Θέμης,Male
1483,Θεμιστοκλής,Male
1484,Θεοβάλδος,Male
1485,Θέογνις,Male
1486,Θεοδόσης,Male
1487,Θεοδόσιος,Male
1488,Θεόδοτος,Male
1489,Θεόδουλος,Male
1490,Θεοδώριχος,Male
1491,Θεόδωρος,Male
1492,Θεοκλής,Male
1493,Θεόκλητος,Male
1494,Θεόκριτος,Male
1495,Θεολόγης,Male
1496,Θεολόγος,Male
1497,Θεόπεμπτος,Male
1498,Θεόπιστος,Male
1499,Θεός,Male
1500,Θεοσέβιος,Male
1501,Θεότεκνος,Male
1502,Θεότιμος,Male
1503,Θεοτόκης,Male
1504,Θεοφάνης,Male
1505,Θεόφιλος,Male
1506,Θεοφύλακτος,Male
1507,Θεοχάρης,Male
1508,Θεράπων,Male
1509,Θερσίτης,Male
1510,Θεωνάς,Male
1511,Θοδωράκης,Male
1512,Θόδωρας,Male
1513,Θοδωρής,Male
1514,Θόδωρος,Male
1515,Θολόγης,Male
1516,Θουκυδίδης,Male
1517,Θράσος,Male
1518,Θρασύβουλος,Male
1519,Θρασύμαχος,Male
1520,Θύμιος,Male
1521,Θωμάκης,Male
1522,Θωμάς,Male
1523,Ίακχος,Male
1524,Ιακώβ,Male
1525,Ιάκωβος,Male
1526,Ιαροσλάβος,Male
1527,Ιάσων,Male
1528,Ιγνάτιος,Male
1529,Ιδομενεύς,Male
1530,Ιερεμίας,Male
1531,Ιερόθεος,Male
1532,Ιεροκλής,Male
1533,Ιερώνυμος,Male
1534,Ίκαρος,Male
1535,Ικτίνος,Male
1536,Ιλάριος,Male
1537,Ιλαρίων,Male
1538,Ιλιάς,Male
1539,Ιλλύριος,Male
1540,Ίναχος,Male
1541,Ινδαλέτιος,Male
1542,Ιορδάνης,Male
1543,Ιουλιανός,Male
1544,Ιουστινιανός,Male
1545,Ιουστίνος,Male
1546,Ίππαρχος,Male
1547,Ιππίας,Male
1548,Ιπποκράτης,Male
1549,Ιππόλυτος,Male
1550,Ισαάκ,Male
1551,Ισίδωρος,Male
1552,Ισοκράτης,Male
1553,Ισραήλ,Male
1554,Ιφικράτης,Male
1555,Ιωακείμ,Male
1556,Ιωάννης,Male
1557,Ιώβ,Male
1558,Ἰώβ,Male
1559,Ίων,Male
1560,Ιωνάθαν,Male
1561,Ιωνάς,Male
1562,Ιωσήφ,Male
1563,Ιωσούας,Male
1564,Κάδμος,Male
1565,Καικίλιος,Male
1566,Καίσαρ,Male
1567,Καισάριος,Male
1568,Καλανδίων,Male
1569,Καλλικλής,Male
1570,Καλλικράτης,Male
1571,Καλλίνικος,Male
1572,Καλλιόπιος,Male
1573,Καλλισθένης,Male
1574,Κάλλιστος,Male
1575,Καλλίστρατος,Male
1576,Καλλίτροπος,Male
1577,Καμουήλ,Male
1578,Κανάκης,Male
1579,Κανέλλος,Male
1580,Κανέλος,Male
1581,Καπίτων,Male
1582,Καραβάτζιο,Male
1583,Καραντόκιος,Male
1584,Καρίων,Male
1585,Κάρολος,Male
1586,Καρπάσιος,Male
1587,Κάρπος,Male
1588,Καρτέγιος,Male
1589,Καρτέριος,Male
1590,Κάσσανδρος,Male
1591,Κασσιανός,Male
1592,Καστίνος,Male
1593,Καστούλος,Male
1594,Κάστωρ,Male
1595,Καττιδιανός,Male
1596,Καττίδιος,Male
1597,Κάχι,Male
1598,Κελερίνος,Male
1599,Κελεστίνος,Male
1600,Κενδέας,Male
1601,Κενσούριος,Male
1602,Κήρυκος,Male
1603,Κία,Male
1604,Κίμων,Male
1605,Κλαύδιος,Male
1606,Κλέανδρος,Male
1607,Κλεάνθης,Male
1608,Κλέαρχος,Male
1609,Κλεισθένης,Male
1610,Κλείτος,Male
1611,Κλεόβουλος,Male
1612,Κλεομένης,Male
1613,Κλεόνικος,Male
1614,Κλεόπας,Male
1615,Κλέων,Male
1616,Κλημέντιος,Male
1617,Κλήμης,Male
1618,Κλήνης,Male
1619,Κοϊντίνος,Male
1620,Κόιντος,Male
1621,Κολίνος,Male
1622,Κομνηνός,Male
1623,Κόνων,Male
1624,Κορνήλιος,Male
1625,Κοσμάς,Male
1626,Κρατύλος,Male
1627,Κρίτων,Male
1628,Κρυστάλλης,Male
1629,Κτησιφών,Male
1630,Κύθηρος,Male
1631,Κυπριανός,Male
1632,Κυριαζής,Male
1633,Κυριάκος,Male
1634,Κύριλλος,Male
1635,Κύρκος,Male
1636,Κωνσταντής,Male
1637,Κωνσταντινάκης,Male
1638,Κωνσταντίνος,Male
1639,Κωνστάντιος,Male
1640,Κώνστας,Male
1641,Κωστάκης,Male
1642,Κωσταντινάκης,Male
1643,Κωσταντίνος,Male
1644,Κώστας,Male
1645,Κωστής,Male
1646,Κώτσος,Male
1647,Λαέρτης,Male
1648,Λάζαρος,Male
1649,Λάιος,Male
1650,Λάκης,Male
1651,Λαλάκης,Male
1652,Λάμπης,Male
1653,Λαμπρινός,Male
1654,Λάμπρος,Male
1655,Λαοδάμας,Male
1656,Λαοκόων,Male
1657,Λαοκράτης,Male
1658,Λάσκαρης,Male
1659,Λαυρέντης,Male
1660,Λαυρέντιος,Male
1661,Λέανδρος,Male
1662,Λένος,Male
1663,Λεονάρδος,Male
1664,Λεόντιος,Male
1665,Λευθέριος,Male
1666,Λεύκιος,Male
1667,Λεύκιππος,Male
1668,Λευτεράκης,Male
1669,Λευτέρης,Male
1670,Λεωκράτης,Male
1671,Λεωνάρδος,Male
1672,Λεωνίδας,Male
1673,Λεωχάρης,Male
1674,Λίας,Male
1675,Λιάς,Male
1676,Λιβέρης,Male
1677,Λινάρδος,Male
1678,Λογοθέτης,Male
1679,Λοΐζος,Male
1680,Λορέντζος,Male
1681,Λούης,Male
1682,Λούθηρος,Male
1683,Λουΐζος,Male
1684,Λουκάς,Male
1685,Λουκιανός,Male
1686,Λούλης,Male
1687,Λυκάονας,Male
1688,Λυκομήδης,Male
1689,Λυκούργος,Male
1690,Λυμπέρης,Male
1691,Λύσανδρος,Male
1692,Λυσίας,Male
1693,Λυσίμαχος,Male
1694,Λύσιππος,Male
1695,Μάγνος,Male
1696,Μαθιός,Male
1697,Μακάριος,Male
1698,Μάκης,Male
1699,Μάμας,Male
1700,Μάνθος,Male
1701,Μανόλης,Male
1702,Μάνος,Male
1703,Μανούσος,Male
1704,Μανώλης,Male
1705,Μάξιμος,Male
1706,Μαργαρίτης,Male
1707,Μαρίνος,Male
1708,Μάριος,Male
1709,Μάρκελλος,Male
1710,Μάρκελος,Male
1711,Μαρκιανός,Male
1712,Μάρκος,Male
1713,Μάτης,Male
1714,Ματθαίος,Male
1715,Μαυρίκιος,Male
1716,Μάχος,Male
1717,Μεγακλής,Male
1718,Μεγασθένης,Male
1719,Μεθόδιος,Male
1720,Μελέαγρος,Male
1721,Μελέτης,Male
1722,Μελέτιος,Male
1723,Μελίτων,Male
1724,Μέμος,Male
1725,Μένανδρος,Male
1726,Μενέλαος,Male
1727,Μένιος,Male
1728,Μένιππος,Male
1729,Μερκούρης,Male
1730,Μερκούριος,Male
1731,Μηνάς,Male
1732,Μήτρος,Male
1733,Μητροφάνης,Male
1734,Μητσάρας,Male
1735,Μήτσος,Male
1736,Μιθριδάτης,Male
1737,Μικέλης,Male
1738,Μικές,Male
1739,Μίκης,Male
1740,Μιλτιάδης,Male
1741,Μίλτος,Male
1742,Μίλτων,Male
1743,Μίμης,Male
1744,Μίνως,Male
1745,Μιχαήλ,Male
1746,Μιχαήλος,Male
1747,Μνησικλής,Male
1748,Μόδεστος,Male
1749,Μορφέας,Male
1750,Μόσχος,Male
1751,Μπαλάσης,Male
1752,Μπάμπης,Male
1753,Μπατίστας,Male
1754,Μπενιζέλος,Male
1755,Μπετόβεν,Male
1756,Μύρτος,Male
1757,Μύρων,Male
1758,Μώκιος,Male
1759,Μωυσής,Male
1760,Μωϋσής,Male
1761,Ναθαναήλ,Male
1762,Νάκης,Male
1763,Ναούμ,Male
1764,Ναπολέων,Male
1765,Νάρκισσος,Male
1766,Ναρσής,Male
1767,Νάσος,Male
1768,Νατάλιος,Male
1769,Νέαρχος,Male
1770,Νείλος,Male
1771,Νεκτάριος,Male
1772,Νεοκλής,Male
1773,Νεόκριτος,Male
1774,Νεοπτόλεμος,Male
1775,Νεόφυτος,Male
1776,Νεοχάρης,Male
1777,Νερέος,Male
1778,Νέστορας,Male
1779,Νέστωρ,Male
1780,Νικ,Male
1781,Νικαγόρας,Male
1782,Νίκανδρος,Male
1783,Νικάνωρ,Male
1784,Νικήστρατος,Male
1785,Νικήτας,Male
1786,Νικηφόρος,Male
1787,Νικίας,Male
1788,Νικοκλής,Male
1789,Νικολάκης,Male
1790,Νικόλαος,Male
1791,Νικόλας,Male
1792,Νικολής,Male
1793,Νικολός,Male
1794,Νίκος,Male
1795,Νίκων,Male
1796,Νίνος,Male
1797,Νιόνιος,Male
1798,Νομικός,Male
1799,Ντάνι,Male
1800,Ντέμης,Male
1801,Ντένης,Male
1802,Ντίμης,Male
1803,Ντίνος,Male
1804,Ξάνθιππος,Male
1805,Ξάνθος,Male
1806,Ξέναρχος,Male
1807,Ξενοκράτης,Male
1808,Ξενοφάνης,Male
1809,Ξενοφών,Male
1810,Οδυσσέας,Male
1811,Όθων,Male
1812,Οιδίποδας,Male
1813,Οικουμένιος,Male
1814,Ολβιανός,Male
1815,Ολύμπιος,Male
1816,Ονήσιμος,Male
1817,Ονησίφορος,Male
1818,Ονούφριος,Male
1819,Ονωράτος,Male
1820,Ορέστης,Male
1821,Ορτίσιος,Male
1822,Ορφέας,Male
1823,Οσπίτιος,Male
1824,Ουαλεντίνος,Male
1825,Ουαλεριανός,Male
1826,Ουαλερίνος,Male
1827,Ουαλέριος,Male
1828,Ούαρος,Male
1829,Ουϊστάνος,Male
1830,Ουμβέρτος,Male
1831,Ουράνιος,Male
1832,Ουρβανός,Male
1833,Ουριήλ,Male
1834,Πάβελ,Male
1835,Παγκράτιος,Male
1836,Πάικος,Male
1837,Παΐσιος,Male
1838,Παλαιολόγος,Male
1839,Παμίνος,Male
1840,Πάμπος,Male
1841,Παναγής,Male
1842,Παναγιωτάκης,Male
1843,Παναγιώτης,Male
1844,Πανάγος,Male
1845,Παναής,Male
1846,Πανάρετος,Male
1847,Πανηγύριος,Male
1848,Πανίκος,Male
1849,Πανούτσος,Male
1850,Πανορμίτης,Male
1851,Πάνος,Male
1852,Πανούλης,Male
1853,Πανούσης,Male
1854,Πανταζής,Male
1855,Πάνταινος,Male
1856,Πανταλέων,Male
1857,Παντελάκης,Male
1858,Παντελεήμων,Male
1859,Παντελής,Male
1860,Παντολέων,Male
1861,Παρασκευάς,Male
1862,Παράσχος,Male
1863,Πάρης,Male
1864,Παρθένης,Male
1865,Παρθένιος,Male
1866,Παρθενοπαίος,Male
1867,Πάρις,Male
1868,Παρμενίων,Male
1869,Πασχάλης,Male
1870,Πατάπιος,Male
1871,Πατρίκιος,Male
1872,Πάτροκλος,Male
1873,Παυλάκης,Male
1874,Παυλάκος,Male
1875,Παύλος,Male
1876,Παυσανίας,Male
1877,Παυσίας,Male
1878,Παυσίκακος,Male
1879,Παφνούτιος,Male
1880,Παχούμιος,Male
1881,Παχώμιος,Male
1882,Πειρίθους,Male
1883,Πεισιστρατίδες,Male
1884,Πεισίστρατος,Male
1885,Πελίας,Male
1886,Πελοπίδας,Male
1887,Πενθεύς,Male
1888,Πενθίλος,Male
1889,Πέπος,Male
1890,Περίανδρος,Male
1891,Περικλής,Male
1892,Περιφήτης,Male
1893,Περσέας,Male
1894,Πέρσιος,Male
1895,Πέρτιναξ,Male
1896,Περτίναξ,Male
1897,Πετράκης,Male
1898,Πετρής,Male
1899,Πέτρος,Male
1900,Πετρώνιος,Male
1901,Πηλεύς,Male
1902,Πιέρρος,Male
1903,Πίνδαρος,Male
1904,Πίπης,Male
1905,Πλαύτος,Male
1906,Πλειστοάναξ,Male
1907,Πλειστώναξ,Male
1908,Πλίνιος,Male
1909,Πλούταρχος,Male
1910,Ποθητός,Male
1911,Πολέμαρχος,Male
1912,πολεμοποιός,Male
1913,Πολέμων,Male
1914,Πολύβιος,Male
1915,Πολυβώτης,Male
1916,Πολύγνωτος,Male
1917,Πολυδάμας,Male
1918,Πολυδεύκης,Male
1919,Πολύδωρος,Male
1920,Πολύζος,Male
1921,Πολυζώης,Male
1922,Πολύκαρπος,Male
1923,Πολυκράτης,Male
1924,Πολυμέρης,Male
1925,Πολυμήδης,Male
1926,Πολυνείκης,Male
1927,Πολυπέρχων,Male
1928,Πολύτιμος,Male
1929,Πολύφημος,Male
1930,Πολυφόντης,Male
1931,Πολυχρόνης,Male
1932,Πολυχρόνιος,Male
1933,Πομπήιος,Male
1934,Πομπιανός,Male
1935,Πόμπλιος,Male
1936,Πόπλιος,Male
1937,Πορφύρης,Male
1938,Πορφύριος,Male
1939,Ποσειδών,Male
1940,Πότης,Male
1941,Πραξιτέλης,Male
1942,Πρίαμος,Male
1943,Πρόδρομος,Male
1944,Προκόπης,Male
1945,Προκόπιος,Male
1946,Προμηθέας,Male
1947,Πρωρέας,Male
1948,Πρωταγόρας,Male
1949,Πρωτέας,Male
1950,Πτολεμαίος,Male
1951,Πύλωνας,Male
1952,Πύρος,Male
1953,Πύρρος,Male
1954,Πωλ,Male
1955,Ράλλης,Male
1956,Ραούλ,Male
1957,Ραφαήλ,Male
1958,Ραφαήλος,Male
1959,Ρεμίγιος,Male
1960,Ρέμος,Male
1961,Ρενάτος,Male
1962,Ρένος,Male
1963,Ρήγας,Male
1964,Ρηγίνος,Male
1965,Ρίζος,Male
1966,Ριχάρδος,Male
1967,Ροβέρτος,Male
1968,Ρογήρος,Male
1969,Ρόδης,Male
1970,Ροδόλφος,Male
1971,Ρόης,Male
1972,Ρολάνδος,Male
1973,Ρομάν,Male
1974,Ρομπέρτο,Male
1975,Ρούλης,Male
1976,Ρουσέτος,Male
1977,Ρούσος,Male
1978,Ρωμαίος,Male
1979,Ρωμανός,Male
1980,Ρωμύλος,Male
1981,Σάββας,Male
1982,Σάκης,Male
1983,Σαμουήλ,Male
1984,Σαούλ,Male
1985,Σαράντης,Male
1986,Σαράντος,Male
1987,Σαρβάτος,Male
1988,Σαῦλος,Male
1989,Σεβαστιανός,Male
1990,Σεβαστός,Male
1991,Σέβος,Male
1992,Σεκούνδος,Male
1993,Σεληνιάς,Male
1994,Σεραπίων,Male
1995,Σεραφείμ,Male
1996,Σεργής,Male
1997,Σέργιος,Male
1998,Σερεμέτης,Male
1999,Σήφης,Male
2000,Σιλβανός,Male
2001,Σιλβέστρος,Male
2002,Σίμος,Male
2003,Σιμπλίκιος,Male
2004,Σίμων,Male
2005,Σιμωνίδης,Male
2006,Σισίνιος,Male
2007,Σίσυφος,Male
2008,Σκαρλάτος,Male
2009,Σκεύος,Male
2010,Σκιπίων,Male
2011,Σκλαβούνος,Male
2012,Σολομών,Male
2013,Σόλων,Male
2014,Σοφιανός,Male
2015,Σοφοκλής,Male
2016,Σπάρτακος,Male
2017,Σπεύσιππος,Male
2018,Σπήλιος,Male
2019,Σπυράκης,Male
2020,Σπυράκος,Male
2021,Σπυρέτος,Male
2022,Σπυρίδων,Male
2023,Σπύρος,Male
2024,Στάικος,Male
2025,Σταμάτης,Male
2026,Σταμάτιος,Male
2027,Σταμέλος,Male
2028,Στάμος,Male
2029,Σταμούλης,Male
2030,Στασινός,Male
2031,Σταυράκης,Male
2032,Σταυριανός,Male
2033,Σταύρος,Male
2034,Στελάκης,Male
2035,Στέλιος,Male
2036,Στέργιος,Male
2037,Στεφανής,Male
2038,Στέφανος,Male
2039,Στέφος,Male
2040,Στησίχορος,Male
2041,Στρατής,Male
2042,Στρατοκλής,Male
2043,Στρατόνικος,Male
2044,Στράτος,Male
2045,Στυλιανός,Male
2046,Συλβέστρος,Male
2047,Σύλβιος,Male
2048,Συμεών,Male
2049,Σώζος,Male
2050,Σώζων,Male
2051,Σωκράτης,Male
2052,Σωσθένης,Male
2053,Σωσίπατρος,Male
2054,Σωτηράκης,Male
2055,Σωτήρης,Male
2056,Σωτήριος,Male
2057,Σώτος,Male
2058,Σωφρόνης,Male
2059,Σωφρόνιος,Male
2060,Τόλης,Male
2061,Τάκης,Male
2062,Τάκιτος,Male
2063,Ταξιάρχης,Male
2064,Ταράσιος,Male
2065,Τάσος,Male
2066,Τασούλης,Male
2067,Ταΰγετος,Male
2068,Τειρεσίας,Male
2069,Τεισίας,Male
2070,Τελαμών,Male
2071,Τέλης,Male
2072,Τζάκος,Male
2073,Τζανέτος,Male
2074,Τζανής,Male
2075,Τζαννετάκης,Male
2076,Τζαννετάκος,Male
2077,Τζαννέτος,Male
2078,Τζαννής,Male
2079,Τζουζέπε,Male
2080,Τζώνης,Male
2081,Τζώρτζης,Male
2082,Τηλέμαχος,Male
2083,Τιμόθεος,Male
2084,Τιμολέων,Male
2085,Τίμος,Male
2086,Τίμων,Male
2087,Τίμωνας,Male
2088,Τισσαφέρνης,Male
2089,Τίτος,Male
2090,Τιτσιάνο,Male
2091,Τόμης,Male
2092,Τόνυ,Male
2093,Τραϊανός,Male
2094,Τριαντάφυλλος,Male
2095,Τριάντης,Male
2096,Τριπτόλεμος,Male
2097,Τρύφων,Male
2098,Τρύφωνας,Male
2099,Τσαμπίκος,Male
2100,Τύχων,Male
2101,Τωβίας,Male
2102,Τώνης,Male
2103,Υάκινθος,Male
2104,Υγίνος,Male
2105,Υμεναίος,Male
2106,Υπάτιος,Male
2107,Υπερέχιος,Male
2108,Φαβιανός,Male
2109,Φάβιος,Male
2110,Φαέθων,Male
2111,Φαήλος,Male
2112,Φαίδρος,Male
2113,Φαιδρός,Male
2114,Φαίδων,Male
2115,Φάνης,Male
2116,Φάνος,Male
2117,Φανούρης,Male
2118,Φανούριος,Male
2119,Φαντίνος,Male
2120,Φαρμούθιος,Male
2121,Φαύστος,Male
2122,Φειδίας,Male
2123,Φελισιανός,Male
2124,Φερραίολος,Male
2125,Φερρούκιος,Male
2126,Φήλικας,Male
2127,Φήλιξ,Male
2128,Φήμιος,Male
2129,Φιδωλός,Male
2130,Φιλάγριος,Male
2131,Φιλάδελφος,Male
2132,Φιλάρετος,Male
2133,Φιλέορτος,Male
2134,Φιλέταιρος,Male
2135,Φιλήμων,Male
2136,Φιλιππάκης,Male
2137,Φιλιππάκος,Male
2138,Φιλιππιανός,Male
2139,Φιλιππικός,Male
2140,Φίλιππος,Male
2141,Φιλογόνιος,Male
2142,Φιλόδαμος,Male
2143,Φιλόθεος,Male
2144,Φιλοκράτης,Male
2145,Φιλοκτήμων,Male
2146,Φιλοκτήτης,Male
2147,Φιλόλαος,Male
2148,Φιλονίδης,Male
2149,Φιλοποίμην,Male
2150,Φιλόσοφος,Male
2151,Φιλόστρατος,Male
2152,Φιλότερος,Male
2153,Φιλούμενος,Male
2154,Φίλων,Male
2155,Φίλωνας,Male
2156,Φινεές,Male
2157,Φίρμος,Male
2158,Φλαβιανός,Male
2159,Φλάβιος,Male
2160,Φλωρέντιος,Male
2161,Φλώριος,Male
2162,Φλώρος,Male
2163,Φοίβος,Male
2164,Φουρτουνάτος,Male
2165,Φουρτουνιανός,Male
2166,Φραγκίσκος,Male
2167,Φραγκούλης,Male
2168,Φραντζέσκος,Male
2169,Φραντζής,Male
2170,Φρειδερίκος,Male
2171,Φρίξος,Male
2172,Φρουμέντιος,Male
2173,Φύλαξ,Male
2174,Φωκάς,Male
2175,Φωκίων,Male
2176,Φώντας,Male
2177,Φωστήριος,Male
2178,Φωτάκης,Male
2179,Φωτανέστης,Male
2180,Φωτάς,Male
2181,Φωτεινός,Male
2182,Φώτης,Male
2183,Φώτιος,Male
2184,Χαιρέμων,Male
2185,Χαιρήμων,Male
2186,Χαραλάμπης,Male
2187,Χαράλαμπος,Male
2188,Χάρης,Male
2189,Χαρίδημος,Male
2190,Χαρίλαος,Male
2191,Χαρίσης,Male
2192,Χαρίσιος,Male
2193,Χαρίτος,Male
2194,Χαρίτων,Male
2195,Χοσρόης,Male
2196,Χρηστάκης,Male
2197,Χρηστάκος,Male
2198,Χρήστος,Male
2199,Χριστιανός,Male
2200,Χριστόδουλος,Male
2201,Χρίστος,Male
2202,Χριστόφορος,Male
2203,Χρύσανθος,Male
2204,Χρυσάφης,Male
2205,Χρυσάφιος,Male
2206,Χρυσοβαλάντης,Male
2207,Χρυσολέων,Male
2208,Χρυσοσθένης,Male
2209,Χρυσόστομος,Male
2210,Ψαραντώνης,Male
2211,Ψόης,Male
